-- MySQL dump 10.10
--
-- Host: localhost    Database: shortmessage
-- ------------------------------------------------------
-- Server version	5.0.18-nt

/*!40101 SET @OLD_CHARACTER_SET_CLIENT=@@CHARACTER_SET_CLIENT */;
/*!40101 SET @OLD_CHARACTER_SET_RESULTS=@@CHARACTER_SET_RESULTS */;
/*!40101 SET @OLD_COLLATION_CONNECTION=@@COLLATION_CONNECTION */;
/*!40101 SET NAMES utf8 */;
/*!40103 SET @OLD_TIME_ZONE=@@TIME_ZONE */;
/*!40103 SET TIME_ZONE='+00:00' */;
/*!40014 SET @OLD_UNIQUE_CHECKS=@@UNIQUE_CHECKS, UNIQUE_CHECKS=0 */;
/*!40014 SET @OLD_FOREIGN_KEY_CHECKS=@@FOREIGN_KEY_CHECKS, FOREIGN_KEY_CHECKS=0 */;
/*!40101 SET @OLD_SQL_MODE=@@SQL_MODE, SQL_MODE='NO_AUTO_VALUE_ON_ZERO' */;
/*!40111 SET @OLD_SQL_NOTES=@@SQL_NOTES, SQL_NOTES=0 */;

--
-- Current Database: `shortmessage`
--

/*!40000 DROP DATABASE IF EXISTS `shortmessage`*/;

CREATE DATABASE /*!32312 IF NOT EXISTS*/ `shortmessage` /*!40100 DEFAULT CHARACTER SET utf8 */;

USE `shortmessage`;

--
-- Table structure for table `product`
--

DROP TABLE IF EXISTS `product`;
CREATE TABLE `product` (
  `product_id` int(11) NOT NULL,
  `name` varchar(50) NOT NULL,
  `price` double NOT NULL
) ENGINE=InnoDB DEFAULT CHARSET=utf8;

--
-- Dumping data for table `product`
--


/*!40000 ALTER TABLE `product` DISABLE KEYS */;
LOCK TABLES `product` WRITE;
INSERT INTO `product` VALUES (1,'apple ',5.5);
UNLOCK TABLES;
/*!40000 ALTER TABLE `product` ENABLE KEYS */;

--
-- Table structure for table `purchase`
--

DROP TABLE IF EXISTS `purchase`;
CREATE TABLE `purchase` (
  `id` int(11) NOT NULL,
  `product_id` int(11) NOT NULL,
  `qty` int(11) NOT NULL default '0',
  `gen_time` datetime NOT NULL
) ENGINE=InnoDB DEFAULT CHARSET=utf8;

--
-- Dumping data for table `purchase`
--


/*!40000 ALTER TABLE `purchase` DISABLE KEYS */;
LOCK TABLES `purchase` WRITE;
INSERT INTO `purchase` VALUES (1,1,10,'2009-11-22 15:50:35');
UNLOCK TABLES;
/*!40000 ALTER TABLE `purchase` ENABLE KEYS */;

--
-- Table structure for table `purchase_detail`
--

DROP TABLE IF EXISTS `purchase_detail`;
/*!50001 DROP VIEW IF EXISTS `purchase_detail`*/;
/*!50001 DROP TABLE IF EXISTS `purchase_detail`*/;
/*!50001 CREATE TABLE `purchase_detail` (
  `name` varchar(50),
  `price` double,
  `qty` int(11),
  `total_value` double
) */;

--
-- Table structure for table `sm_admin`
--

DROP TABLE IF EXISTS `sm_admin`;
CREATE TABLE `sm_admin` (
  `id` varchar(32) NOT NULL,
  `userid` varchar(32) NOT NULL,
  `power` int(11) NOT NULL,
  PRIMARY KEY  (`id`)
) ENGINE=InnoDB DEFAULT CHARSET=utf8;

--
-- Dumping data for table `sm_admin`
--


/*!40000 ALTER TABLE `sm_admin` DISABLE KEYS */;
LOCK TABLES `sm_admin` WRITE;
UNLOCK TABLES;
/*!40000 ALTER TABLE `sm_admin` ENABLE KEYS */;

--
-- Table structure for table `sm_shortmessage`
--

DROP TABLE IF EXISTS `sm_shortmessage`;
CREATE TABLE `sm_shortmessage` (
  `id` varchar(32) NOT NULL,
  `senduserid` varchar(32) NOT NULL,
  `showsenduserid` varchar(32) NOT NULL,
  `receiveuserid` longtext NOT NULL,
  `sendtime` datetime NOT NULL,
  `content` longtext NOT NULL,
  `parentid` varchar(32) default NULL,
  `type` int(11) NOT NULL,
  `reply` bit(1) default '\0',
  `isread` bit(1) default '\0',
  PRIMARY KEY  (`id`)
) ENGINE=InnoDB DEFAULT CHARSET=utf8;

--
-- Dumping data for table `sm_shortmessage`
--


/*!40000 ALTER TABLE `sm_shortmessage` DISABLE KEYS */;
LOCK TABLES `sm_shortmessage` WRITE;
INSERT INTO `sm_shortmessage` VALUES ('402881e425251050012525117ee00001','b','','c;d;e;a','2009-11-24 15:22:01','b1111','40288aef252096d2012520984e9a0001',10,'',NULL),('402881e42525105001252512fbac0006','c','','b;d;e;a','2009-11-24 15:23:38','c111','40288aef252096d2012520984e9a0001',10,'',NULL),('402881e42525105001252513d498000b','d','','b;c;e;a','2009-11-24 15:24:34','d111','40288aef252096d2012520984e9a0001',10,'',NULL),('402881e42525105001252513f34b0010','d','','b;c;e;a','2009-11-24 15:24:42','d2222','40288aef252096d2012520984e9a0001',10,'',NULL),('402881e42525105001252514129b0015','d','','b;c;e;a','2009-11-24 15:24:50','d3333','40288aef252096d2012520984e9a0001',10,'',NULL),('402881e425251050012525143da2001a','d','','b;c;e;a','2009-11-24 15:25:01','d444','40288aef252096d2012520984e9a0001',10,'',NULL),('402881e42525105001252514ba73001f','a','','b;c;d;e','2009-11-24 15:25:33','a2222','40288aef252096d2012520984e9a0001',10,'',NULL),('402881e42526917c0125269200d60001','wxy','','a;b;c;d','2009-11-24 22:22:00','admin1111','',21,'',NULL),('402881e42526a1d6012526a355f80001','wxy','','a;b;c;d','2009-11-24 22:40:56','admin2222','',21,'',NULL),('402881e42526a1d6012526a3f3320006','wxy','','a;b;c;d','2009-11-24 22:41:36','admin3333','',21,'',NULL),('402881e42526af9b012526b1f0cd0001','wxy','','a;b;c;d;','2009-11-24 22:56:53','admin444','',21,'',NULL),('402881e42526af9b012526b251c90006','wxy','','wxy;a;b;c;d;','2009-11-24 22:57:18','admin5555','',21,'',NULL),('402881e42526bc4e012526bd66650001','wxy','','c;d;','2009-11-24 23:09:24','adagddssddsdf','',21,'',NULL),('402881e42526beab012526bf21820001','b','','c;d','2009-11-24 23:11:17','aaaaaaaa','',10,'',NULL),('402881e42526beab012526bf8ba60004','d','','c;b','2009-11-24 23:11:45','bbbb','402881e42526beab012526bf21820001',10,'',NULL),('402881e42526beab012526c043bb0007','d','','wxy;','2009-11-24 23:12:32','hhhhhhhhhhh','',10,'',NULL),('402881e42526eae2012526f225b00001','d','','test;','2009-11-25 00:07:01','sadfsdaf','',10,'',NULL),('402881e42526eae2012526f862300003','d','','haha','2009-11-25 00:13:50','啊受到法是否','',10,'',NULL),('402881e42526eae2012526fb59a50005','a','','b;c;d;e','2009-11-25 00:17:04','aSDD','40288aef252096d2012520984e9a0001',10,'',NULL),('402881e42526eae2012526fb97e7000a','a','','asdf','2009-11-25 00:17:20','asdf','',10,'',NULL),('40288aef252005c10125200680200001','wxy','','hpc;test;admin;','2009-11-23 15:51:54','@wxy==1111','',10,'',NULL),('40288aef252096d2012520984e9a0001','a','','b;c;d;e','2009-11-23 18:31:10','a111','',10,'',NULL);
UNLOCK TABLES;
/*!40000 ALTER TABLE `sm_shortmessage` ENABLE KEYS */;

--
-- Table structure for table `sm_user`
--

DROP TABLE IF EXISTS `sm_user`;
CREATE TABLE `sm_user` (
  `id` varchar(32) NOT NULL,
  `userid` varchar(32) NOT NULL,
  `password` varchar(32) NOT NULL,
  `name` varchar(32) NOT NULL,
  PRIMARY KEY  (`id`)
) ENGINE=InnoDB DEFAULT CHARSET=utf8;

--
-- Dumping data for table `sm_user`
--


/*!40000 ALTER TABLE `sm_user` DISABLE KEYS */;
LOCK TABLES `sm_user` WRITE;
INSERT INTO `sm_user` VALUES ('1','wxy','1',' '),('10','haha','password','papa'),('11','haha','password','papa'),('2','apple','1',' '),('3','ts','1',' '),('4','admin','1',' '),('5','hpc','1',' '),('6','test','1',' '),('7','msg','1',' '),('8','wangxy','1',' '),('9','haha','password','papa');
UNLOCK TABLES;
/*!40000 ALTER TABLE `sm_user` ENABLE KEYS */;

--
-- Table structure for table `sm_usermsg`
--

DROP TABLE IF EXISTS `sm_usermsg`;
CREATE TABLE `sm_usermsg` (
  `id` varchar(32) NOT NULL,
  `msgid` varchar(32) NOT NULL,
  `userid` varchar(32) NOT NULL,
  `isread` tinyint(4) NOT NULL,
  PRIMARY KEY  (`id`)
) ENGINE=InnoDB DEFAULT CHARSET=utf8;

--
-- Dumping data for table `sm_usermsg`
--


/*!40000 ALTER TABLE `sm_usermsg` DISABLE KEYS */;
LOCK TABLES `sm_usermsg` WRITE;
INSERT INTO `sm_usermsg` VALUES ('402881e425251050012525117ee00002','402881e425251050012525117ee00001','c',1),('402881e425251050012525117ee00003','402881e425251050012525117ee00001','d',0),('402881e425251050012525117ee00004','402881e425251050012525117ee00001','e',0),('402881e425251050012525117ee00005','402881e425251050012525117ee00001','a',1),('402881e42525105001252512fbac0007','402881e42525105001252512fbac0006','b',0),('402881e42525105001252512fbac0008','402881e42525105001252512fbac0006','d',1),('402881e42525105001252512fbac0009','402881e42525105001252512fbac0006','e',0),('402881e42525105001252512fbac000a','402881e42525105001252512fbac0006','a',1),('402881e42525105001252513d498000c','402881e42525105001252513d498000b','b',1),('402881e42525105001252513d498000d','402881e42525105001252513d498000b','c',1),('402881e42525105001252513d498000e','402881e42525105001252513d498000b','e',0),('402881e42525105001252513d498000f','402881e42525105001252513d498000b','a',1),('402881e42525105001252513f34b0011','402881e42525105001252513f34b0010','b',1),('402881e42525105001252513f34b0012','402881e42525105001252513f34b0010','c',1),('402881e42525105001252513f34b0013','402881e42525105001252513f34b0010','e',0),('402881e42525105001252513f34b0014','402881e42525105001252513f34b0010','a',1),('402881e42525105001252514129b0016','402881e42525105001252514129b0015','b',1),('402881e42525105001252514129b0017','402881e42525105001252514129b0015','c',1),('402881e42525105001252514129b0018','402881e42525105001252514129b0015','e',0),('402881e42525105001252514129b0019','402881e42525105001252514129b0015','a',1),('402881e425251050012525143da2001b','402881e425251050012525143da2001a','b',1),('402881e425251050012525143da2001c','402881e425251050012525143da2001a','c',1),('402881e425251050012525143da2001d','402881e425251050012525143da2001a','e',0),('402881e425251050012525143da2001e','402881e425251050012525143da2001a','a',1),('402881e42525105001252514ba730020','402881e42525105001252514ba73001f','b',1),('402881e42525105001252514ba730021','402881e42525105001252514ba73001f','c',1),('402881e42525105001252514ba730022','402881e42525105001252514ba73001f','d',1),('402881e42525105001252514ba830023','402881e42525105001252514ba73001f','e',0),('402881e42526917c0125269201240002','402881e42526917c0125269200d60001','a',1),('402881e42526917c0125269201240003','402881e42526917c0125269200d60001','b',1),('402881e42526917c0125269201240004','402881e42526917c0125269200d60001','c',0),('402881e42526917c0125269201240005','402881e42526917c0125269200d60001','d',0),('402881e42526a1d6012526a356080002','402881e42526a1d6012526a355f80001','a',1),('402881e42526a1d6012526a356080003','402881e42526a1d6012526a355f80001','b',1),('402881e42526a1d6012526a356080004','402881e42526a1d6012526a355f80001','c',0),('402881e42526a1d6012526a356080005','402881e42526a1d6012526a355f80001','d',1),('402881e42526a1d6012526a3f3320007','402881e42526a1d6012526a3f3320006','a',1),('402881e42526a1d6012526a3f3320008','402881e42526a1d6012526a3f3320006','b',0),('402881e42526a1d6012526a3f3320009','402881e42526a1d6012526a3f3320006','c',0),('402881e42526a1d6012526a3f332000a','402881e42526a1d6012526a3f3320006','d',1),('402881e42526af9b012526b1f0dc0002','402881e42526af9b012526b1f0cd0001','a',1),('402881e42526af9b012526b1f0dc0003','402881e42526af9b012526b1f0cd0001','b',0),('402881e42526af9b012526b1f0dc0004','402881e42526af9b012526b1f0cd0001','c',0),('402881e42526af9b012526b1f0dc0005','402881e42526af9b012526b1f0cd0001','d',0),('402881e42526af9b012526b251c90007','402881e42526af9b012526b251c90006','wxy',1),('402881e42526af9b012526b251c90008','402881e42526af9b012526b251c90006','a',0),('402881e42526af9b012526b251c90009','402881e42526af9b012526b251c90006','b',1),('402881e42526af9b012526b251c9000a','402881e42526af9b012526b251c90006','c',0),('402881e42526af9b012526b251c9000b','402881e42526af9b012526b251c90006','d',0),('402881e42526bc4e012526bd66740002','402881e42526bc4e012526bd66650001','c',0),('402881e42526bc4e012526bd66740003','402881e42526bc4e012526bd66650001','d',1),('402881e42526beab012526bf21920002','402881e42526beab012526bf21820001','c',0),('402881e42526beab012526bf21920003','402881e42526beab012526bf21820001','d',1),('402881e42526beab012526bf8ba60005','402881e42526beab012526bf8ba60004','c',0),('402881e42526beab012526bf8ba60006','402881e42526beab012526bf8ba60004','b',0),('402881e42526beab012526c043bb0008','402881e42526beab012526c043bb0007','wxy',0),('402881e42526eae2012526f225c00002','402881e42526eae2012526f225b00001','test',0),('402881e42526eae2012526f862300004','402881e42526eae2012526f862300003','haha',0),('402881e42526eae2012526fb59a50006','402881e42526eae2012526fb59a50005','b',0),('402881e42526eae2012526fb59a50007','402881e42526eae2012526fb59a50005','c',0),('402881e42526eae2012526fb59a50008','402881e42526eae2012526fb59a50005','d',0),('402881e42526eae2012526fb59a50009','402881e42526eae2012526fb59a50005','e',0),('402881e42526eae2012526fb97e7000b','402881e42526eae2012526fb97e7000a','asdf',0),('40288aef251f3b1201251f3c4ce10002','40288aef251f3b1201251f3c4cd20001','wangxy',0),('40288aef251f3b1201251f3c4ce10003','40288aef251f3b1201251f3c4cd20001','hpc',0),('40288aef251f3b1201251f3c4ce10004','40288aef251f3b1201251f3c4cd20001','test',0),('40288aef251fe3dd01251fe663e90002','40288aef251fe3dd01251fe6636c0001','apple',0),('40288aef251fe3dd01251fe663e90003','40288aef251fe3dd01251fe6636c0001','hpc',0),('40288aef251fe3dd01251fe663e90004','40288aef251fe3dd01251fe6636c0001','test',0),('40288aef252005c10125200680200002','40288aef252005c10125200680200001','hpc',1),('40288aef252005c10125200680200003','40288aef252005c10125200680200001','test',0),('40288aef252005c10125200680200004','40288aef252005c10125200680200001','admin',0),('40288aef252096d2012520984ee80002','40288aef252096d2012520984e9a0001','b',1),('40288aef252096d2012520984ee80003','40288aef252096d2012520984e9a0001','c',1),('40288aef252096d2012520984ee80004','40288aef252096d2012520984e9a0001','d',0),('40288aef252096d2012520984ee80005','40288aef252096d2012520984e9a0001','e',0);
UNLOCK TABLES;
/*!40000 ALTER TABLE `sm_usermsg` ENABLE KEYS */;

--
-- Table structure for table `test_user`
--

DROP TABLE IF EXISTS `test_user`;
CREATE TABLE `test_user` (
  `UUID` varchar(32) default NULL,
  `USERID` varchar(50) default NULL,
  `USERNAME` varchar(50) default NULL,
  `DEPTID` int(11) default NULL
) ENGINE=InnoDB DEFAULT CHARSET=utf8;

--
-- Dumping data for table `test_user`
--


/*!40000 ALTER TABLE `test_user` DISABLE KEYS */;
LOCK TABLES `test_user` WRITE;
INSERT INTO `test_user` VALUES ('1344','yangxj','杨晓军',1),('1345','yangxm','杨贤明',1),('1346','yangxq','杨晓琴',1),('1347','yangxz','杨讯璋',1),('1348','yangy1','杨勇',1),('1349','yangyanm','杨彦民',1),('1350','yangyh','杨延辉',1),('1351','yangyl','杨玉林',1),('1352','yangyun','杨云',1),('1353','yanlin','严林',1),('1354','yanxg','闫先国',1),('1355','yaoj','姚军',1),('1356','yaoj　','姚军',1),('1357','yaox','姚旭',1),('1358','yejy','叶建亚',1),('1359','yeyy','叶友岳',1),('1360','yinl','尹岚',1),('1361','yinsm','殷胜明',1),('1362','yinzm','尹正民',1),('1363','yuanh','袁昊',1),('1364','yuehp','岳和平',1),('1365','yuejt','岳江涛',1),('1366','yuetj','岳铁军',1),('1367','yuxq','余向前',1),('1368','yuy','余勇',1),('1369','yuya','于永蔼',1),('1370','yuyl','于云龙',1),('1371','zengj','曾汲',1),('1372','zengq','曾琼',1),('1373','zengtf','曾桐福',1),('1374','zengxh','曾新华',1),('1375','zhaiyw','翟要武',1),('1376','zhangan','张安娜',1),('1377','zhangbing','张斌',1),('1378','zhangbl','张柏林',1),('1379','zhangc1','张诚',1),('1380','zhangcw','张成伟',1),('1381','zhangcx','张晨曦',1),('1382','zhangcy','张翠英',1),('1383','zhangdl_1','张东良',1),('1384','zhangdm　','张东明',1),('1385','zhangds','张顶山',1),('1386','zhangf','张富',1),('1387','zhanggp','张国平',1),('1388','zhanghf','张华峰',1),('1389','zhanghj','张宏杰',1),('1390','zhanghj_1','张宏军',1),('1391','zhanghj_2','张怀江',1),('1392','zhanghu','张虎',1),('1393','zhanghw_2','张宏伟',1),('1394','zhangj','张军',1),('1395','zhangjc','张建成',1),('1396','zhangjh','张建华',1),('1397','zhangjj','张敬军',1),('1398','zhangjm','张建明',1),('1399','zhangjuan','张娟',1),('1400','zhangjw','张建伟',1),('1401','zhangjw_1','张建伟',1),('1402','zhangk','张柯',1),('1403','zhangl','张蕾',1),('1404','zhangl1','张磊',1),('1405','zhanglei','张磊',1),('1406','zhanglf','张来福',1),('1407','zhanglin1','张林',1),('1408','zhangn','张娜',1),('1409','zhangp','张鹏',1),('1410','zhangph','张培海',1),('1411','zhangpj','张培军',1),('1412','zhangpy','张鹏远',1),('1413','zhangsh1','张世宏',1),('1414','zhangsh_1','张世华',1),('1415','zhangsy','张世元',1),('1416','zhangt','张涛',1),('1417','zhangwm','张炜明',1),('1418','zhangxd','张小东',1),('1419','zhangxg','张晓刚',1),('1420','zhangxh_1','张晓红',1),('1421','zhangxl2','张西俐',1),('1422','zhangxr','张晓荣',1),('1423','zhangy','张阳',1),('1424','zhangy1424','张耀',99),('1425','zhangy1425','张勇',99),('1426','zhangyg','张玉刚',1),('1427','zhangyh','张勇红',1),('1428','zhangyr','张玉瑞',1),('1429','zhangzh','张致海',1),('1430','zhangzl','张智利',1),('1431','zhangzn','张振南',1),('1432','zhangzt','张子堂',1),('1433','zhangzy','张忠元',1),('1434','zhangzy1','张志远',1),('1435','zhangzy_1','张振宇',1),('1436','zhanpw','詹平文',1),('1437','zhanqj','詹启疆',1),('1438','zhaodx','赵多贤',1),('1439','zhaofc','赵松长',1),('1440','zhaohl','赵化利',1),('1441','zhaohu','赵虎',1),('1442','zhaoj','赵剑',1),('1443','zhaoj1','赵杰',1),('1444','zhaojp','赵继平',1),('1445','zhaopd','赵佩娣',1),('1446','zhaoq','赵钦',1),('1447','zhaory','赵若瑜',1),('1448','zhaoxc　','赵新存',1),('1449','zhaoxj','赵向军',1),('1450','zhaoxm','赵雪梅',1),('1451','zhaoxw','赵学文',1),('1452','zhaoy','赵勇',1),('1453','zhaoy1','赵毅',1),('1454','zhaoy_1','赵勇',1),('1455','zhaoyj','赵玉军',1),('1456','zhaoyl','赵艳玲',1),('1457','zhaoyue','赵越',1),('1458','zhaoyw','赵月文',1),('1459','zhengky','郑可艺',1),('1460','zhengmj','郑茂君',1),('1461','zhengw','郑伟',1),('1462','zhengyp','郑云鹏',1),('1463','zhongzy','钟哲愚',1),('1464','zhouj','周佳',1),('1465','zhouja','周吉安',1),('1466','zhoujl','周静龙',1),('1467','zhoukx','周开喜',1),('1468','zhoulj','周利军',1),('1469','zhoum','周毛',1),('1470','zhoumd','周明东',1),('1471','zhouw','周伟',1),('1472','zhouy','周衍',1),('1473','zhouyl','周有良',1),('1474','zhouyx','周有学',1),('1475','zhual','朱皑绿',1),('1476','zhugt','朱广婷',1),('1477','zhujj','朱建军',1),('1478','zhujq','朱珏琼',1),('1479','zhuxd','朱晓东',1),('1480','zhuxw','朱晓文',1),('1481','zhuzz','朱自忠',1),('1482','zoudx','邹德训',1),('1483','zuoyh','左亚红',1),('1484','别跃宏','别跃宏',1),('1485','测试','fdsaf',1),('1486','测试1486','测试',99),('1487','测试01','测试01',1),('1488','发送','打发萨菲',1),('1489','孙守强','孙守强',1),('1490','孙晓明','孙晓明',1),('1342','yangwy　','杨万义',1),('1343','yangxc','杨熙成',1),('1',' chengm','程明',1),('2',' cuig1','崔岗',1),('3',' fengk','冯侃',1),('4',' lij','李晶',1),('5',' lijw','李继文',1),('6',' lisw','李世伟',1),('7',' liuj','刘俊',1),('8',' lizy','李竣业',1),('9',' sunhh','孙海鸿',1),('10',' wangj','王剑',1),('11',' wangw','王蔚',1),('12',' wangwz','王维州',1),('13',' wangy','王杨',1),('14',' xuh','徐辉',1),('15',' yangy','杨云',1),('16',' zhangsh','张世宏',1),('17',' zhaoxw','赵学文',1),('18',' zhaoyj','赵羽佳',1),('19',' zhoul','周龙',1),('20','00000000','王玮',1),('21','777','候锐杰',1),('22','888','王春光',1),('23','999999999','王睁',1),('24','Baijh　','白军虎',1),('25','HQ_hong-fan','范红',1),('26','HQ_jian-xiu','修建',1),('27','HQ_jiang-shen','沈江',1),('28','HQ_jianguo-yao','姚建国',1),('29','HQ_jl-yang','杨建莲',1),('30','HQ_jun-ge','葛俊',1),('31','HQ_li-rui','李睿',1),('32','HQ_xd-zhang','张晓东',1),('33','HQ_xiang-li','向力',1),('34','HQ_xiaoguang-li','李晓光',1),('35','HQ_xiaoliang-chen','陈小良',1),('36','HQ_xuejun-luo','罗雪军',1),('37','HQ_yongsheng-zhao','赵永生',1),('38','Lil_1　','李栎',1),('39','Songb','宋斌',1),('40','Wangj_1','王娟',1),('41','Wangyh_1','王银花',1),('42','Yangdz','杨德志',1),('43','Yangyp_1　','杨永璞',1),('44','Zhangh_1','张慧',1),('45','Zhangh_2','张浩',1),('46','Zhanghj_1','张宏军',1),('47','Zhangzy_1','张振宇',1),('48','a','person1',1),('49','aixc','艾宪仓',1),('50','ann','安宁',1),('51','backto10066','张莉幸',1),('52','backto10067','徐雅萍',1),('53','backto10070','高长录',1),('54','backto10071','刘米方',1),('55','backto10072','向剑锋',1),('56','backto10073','何科峰',1),('57','backto10075','黄晨阳',1),('58','backto10076','张云清',1),('59','backto10077','邢刚',1),('60','backto10078','封玉蓉',1),('61','backto10079','李卫东',1),('62','backto10080','马重阳',1),('63','backto10081','郭亚红',1),('64','backto10082','赵鹏',1),('65','backto10083','刘雯',1),('66','backto10084','张晋龙',1),('67','backto10100','白文远',1),('68','backto10106','范铭',1),('69','backto10107','刘峰',1),('70','backto10108','马志程',1),('71','backto10109','丁娅力',1),('72','backto10110','唐小蔚',1),('73','backto10111','杨明杰',1),('74','backto10112','何国良',1),('75','backto10113','沈艳斌',1),('76','backto10116','康坚',1),('77','backto10129','吉炜',1),('78','backto10131','杨晶',1),('79','backto10132','刘沛',1),('80','backto10133','夏敏',1),('81','backto10134','吴柏澍',1),('82','backto10135','姜恺',1),('83','backto10136','李佳',1),('84','backto10137','刘蕾',1),('85','backto10138','段少坤',1),('86','backto10139','保承家',1),('87','backto10140','刘自云',1),('88','backto10154','朱国海',1),('89','backto10155','李革胜',1),('90','backto10156','陈积源',1),('91','backto10157','杨波',1),('92','backto10158','武洪梅',1),('93','backto10159','李峡',1),('94','backto10162','范迪龙',1),('95','backto10163','黄燕',1),('96','backto10165','苏斌',1),('97','backto10166','祝唯微',1),('98','backto10167','杜宁兰',1),('99','backto10168','杨毅龙',1),('100','backto10169','张驰',1),('101','backto10170','胡珊珊',1),('102','backto10171','刘宁',1),('103','backto10172','张雯',1),('104','backto10173','李方军',1),('105','backto10174','马原',1),('106','backto10175','郑姜',1),('107','backto10176','王春燕',1),('108','backto10177','李峰',1),('109','backto10178','史小琴',1),('110','baish','白生华',1),('111','baiyl','白亚礼',1),('112','baoqz','包权宗',1),('113','bieyh','别跃宏',1),('114','caijj','蔡建军',1),('115','caojx','曹建新',1),('116','caokm','曹坤茂',1),('117','caoyl','曹银利',1),('118','chaiy','柴彦',1),('119','changzk','常仲科',1),('120','chengd','程东',1),('121','chenge','程迩',1),('122','chengm','程明',1),('123','chengq','程群',1),('124','chenhf','陈海舫',1),('125','chenj','陈军',1),('126','chenjl','陈继来',1),('127','chenjr','陈吉荣',1),('128','chenjr128','陈吉荣',99),('129','chenlf','陈力飞',1),('130','chenlin','陈林',1),('131','chenwb','陈文彬',1),('132','chenwj','陈文俊',1),('133','chenx','陈新',1),('134','chenxf','陈学峰',1),('135','chenxiaoying','陈晓英',1),('136','chenyj','陈彦江',1),('137','chenzh','陈振寰',1),('138','cl','陈丽',1),('139','cmsadmin','ZQ',1),('140','cuig1','崔罡',1),('141','cuij','崔剑',1),('142','cuiw','崔威',1),('143','cuiyj','崔永建',1),('144','daixy','戴新有',1),('145','daiy','戴艳',1),('146','dangan','党安宁',1),('147','dangm','党敏',1),('148','dangty','党天友',1),('149','dengky　','郑可艺',1),('150','dengx','邓顼',1),('151','diaojs','刁景山',1),('152','diaozs','刁泽森',1),('153','dinghc','丁惠诚',1),('154','dingw','丁伟',1),('155','dingxm','丁雪梅',1),('156','dingym','丁益民',1),('157','dizq','狄钟泉',1),('158','dongjh','董建华',1),('159','dongjj','董金俊',1),('160','dongq','董倩',1),('161','dongyf','董勇锋',1),('162','dongyp','董永平',1),('163','dongyp1','董月平',1),('164','douhx','窦红霞',1),('165','dsafa','的',1),('166','duanc','段城',1),('167','duancg','段长刚',1),('168','duanjh','段军红',1),('169','duankh','段开红',1),('170','duansm','殷胜明',1),('171','duanxf','段萱芳',1),('172','duf','杜芳',1),('173','dujl','杜金琳',1),('174','duxc','杜学超',1),('175','duxl','杜西伶',1),('176','duxp','杜小鹏',1),('177','duy','杜宇',1),('178','fandl','范东来',1),('179','fangfj','房福军',1),('180','fangq','樊国庆',1),('181','fangyz','方昱璋',1),('182','fanhf','范海峰',1),('183','fanhw','樊红五',1),('184','fanjc','樊建成',1),('185','fanm','范鸣',1),('186','fanw','樊巍',1),('187','fanxf','范雪峰',1),('188','fanyh','范玉红',1),('189','feizh','费志华',1),('190','fengdm','冯东民',1),('191','fengk','冯侃',1),('192','fengsa','冯书安',1),('193','fengsy','冯尚友',1),('194','fengxl','冯晓亮',1),('195','fengxq','冯小倩',1),('196','fengyx','冯宇欣',1),('197','fengyz','冯杨州',1),('198','fengzk','冯兆库',1),('199','fubb','付兵彬',1),('200','fubs','付兵彬',1),('201','fujy','付嘉渝',1),('202','fusl','伏岁林',1),('203','futq','付廷勤',1),('204','fuz','傅铮',1),('205','gaild','盖刘德',1),('206','gaojx','高建玺',1),('207','gaol','高林',1),('208','gaop','高鹏',1),('209','gaoyq','高应麒',1),('210','genl','耿兰',1),('211','gongbj','巩保军',1),('212','gongcc','龚成春',1),('213','gongyf','巩云峰',1),('214','gongzj','巩正俊',1),('215','gouad','苟爱迪',1),('216','gouh','苟晖',1),('217','goul','苟录',1),('218','guanqj','关启俊',1),('219','guanty','关铁英',1),('220','guojy','郭京义',1),('221','guoqh','郭强华',1),('222','guosx','郭水侠',1),('223','guoww','郭万文',1),('224','guoxg','郭晓光',1),('225','guoxj','郭学健',1),('226','guoyh','郭跃华',1),('227','guoyp','郭玉平',1),('228','hanjm','韩金梅',1),('229','hanlin','韩林',1),('230','hanxs','韩旭杉',1),('231','hanzf','韩自奋',1),('232','haogp','郝广平',1),('233','heb','何飙',1),('234','helj','贺立杰',1),('235','hem','贺敏',1),('236','hese','何世恩',1),('237','hesg','何曙光',1),('238','hexj','何小建',1),('239','hexm','贺雪梅',1),('240','hexy','何小云',1),('241','heyc','何艳春',1),('242','heyw','何燕文',1),('243','hq_baosen-zheng','郑宝森',1),('244','hq_jinhang-chen','陈进行',1),('245','hq_luan-jun','栾军',1),('246','hq_ruge-li','李汝革',1),('247','hq_xinmin-zhu','祝新民',1),('248','hq_yinbiao-shu','舒印彪',1),('249','hq_yueming-chen','陈月明',1),('250','hq_zhenya-liu','刘振亚',1),('251','hq_zhian-cao','曹治安',1),('252','huangjj','黄建军',1),('253','huangq','黄强',1),('254','huangw','黄炜',1),('255','huangzh','黄泽华',1),('256','hudg','胡殿刚',1),('257','hufy','胡风英',1),('258','hujm','胡建敏',1),('259','hull','胡来林',1),('260','huyt','胡永涛',1),('261','jiacf','贾昌飞',1),('262','jiacw','贾晟伟',1),('263','jiagy','贾国楹',1),('264','jiahs','贾怀森',1),('265','jiahy','贾海云',1),('266','jiangh','姜鸿',1),('267','jianglj','姜利君',1),('268','jiangy','江元',1),('269','jianwp','简伟平',1),('270','jiaoss','焦肃山',1),('271','jiayh','贾玉辉',1),('272','jijy','姬建元',1),('273','jil','吉玲',1),('274','jind','靳丹',1),('275','jingg','金国刚',1),('276','jingqm','景乾明',1),('277','jingx','景欣',1),('278','jingzc','景中昌',1),('279','jinhl','金泓利',1),('280','jinwc','金万成',1),('281','jinyb','金育斌',1),('282','jiw','吉炜',1),('283','kangj','康健',1),('284','kangxl','康学礼',1),('285','kangy','康毅',1),('286','kangyj','康雅婕',1),('287','kangyn','康云年',1),('288','konggq','孔桂琴',1),('289','kongsy','孔世颖',1),('290','lanzl','蓝正路',1),('291','leid','雷达',1),('292','leijr','雷俊儒',1),('293','leis','雷绅',1),('294','lianghl','康海龙',1),('295','liangj','梁杰',1),('296','liangj296','梁杰',99),('297','liangq　','梁强',1),('298','liangrp','梁瑞萍',1),('299','liangyf','梁雅芳',1),('300','liangyl','梁雅莉',1),('301','liangyt','梁岩涛',1),('302','lianyn','梁远宁',1),('303','liaoat','廖安泰',1),('304','liaocf','廖承芳',1),('305','lics','李长生',1),('306','lics1','李长水',1),('307','licx','李成修',1),('308','lih1','李洪',1),('309','lihc','李虎成',1),('310','lihl','李海亮',1),('311','lihq','李宏强',1),('312','lij','李俭',1),('313','lij1','李杰',1),('314','lij2','李杰',1),('315','lija','李建安',1),('316','lijf','李峻峰',1),('317','lijf1','李俊峰',1),('318','lijh','李建华',1),('319','lijl','李金录',1),('320','lijp','李聚鹏',1),('321','lijuan','李娟',1),('322','lijy','李建英',1),('323','lil','李龙',1),('324','lil_2','李磊',1),('325','limd','李明东',1),('326','linj','蔺洁',1),('327','linjq','蔺金强',1),('328','link','林鲲',1),('329','linxr','蔺相荣',1),('330','linzm','林忠明',1),('331','lip','李萍',1),('332','lipl','李平林',1),('333','liqm','李全茂',1),('334','lisl1','李树林',1),('335','lisp','李素萍',1),('336','lisp1','李生平',1),('337','lisw','李世伟',1),('338','lisw1','李世望',1),('339','lisw_1','李守文',1),('340','lisy','李韶瑜',1),('341','lisy341','李盛元',99),('342','lisy_1　','李盛元',1),('343','lisz','李世子',1),('344','liuc','刘淳',1),('345','liucl','刘成龙',1),('346','liudl','刘多禄',1),('347','liuf','刘峰',1),('348','liug','刘罡',1),('349','liuh','刘慧',1),('350','liuh_1','刘菡',1),('351','liuhf','刘海峰',1),('352','liuhw','刘焕文',1),('353','liuhy','刘慧颖',1),('354','liuj_1','刘俊',1),('355','liujj','刘晋军',1),('356','liujr','刘继荣',1),('357','liukf','刘克发',1),('358','liukq','刘克权',1),('359','liul','刘亮',1),('360','liulj','刘丽娟',1),('361','liull','刘琳琳',1),('362','liun','刘宁',1),('363','liun_1','刘宁',1),('364','liuq','刘强',1),('365','liuqh','刘庆恒',1),('366','liuwc','刘文春',1),('367','liuwh','刘万红',1),('368','liuwm','刘伟民',1),('369','liuxd','刘旭东',1),('370','liuxh','刘晓海',1),('371','liuxj','刘晓金',1),('372','liuxj_1','刘晓静',1),('373','liuxr','刘学仁',1),('374','liuxy','刘小英',1),('375','liuy','刘奕',1),('376','liuyj','刘玉杰',1),('377','liuyp','柳亚平',1),('378','liuyz','刘勇智',1),('379','liuz','刘忠',1),('380','liuzx','刘镇西',1),('381','liwc','李万潮',1),('382','liwh','李维虎',1),('383','liwy','李纬宇',1),('384','lix','李祥',1),('385','lix1','李祥',1),('386','lixc','李笑成',1),('387','lixd','李向东',1),('388','lixg','李小国',1),('389','lixh','李晓虎',1),('390','lixh_1','李小红',1),('391','lixiangqun','李向群',1),('392','lixj','李希军',1),('393','lixj1','李晓晶',1),('394','lixq','李向群',1),('395','lixr','李孝仁',1),('396','lixy1','李晓怡',1),('397','lixy2','李晓怡',1),('398','lixz','李效珍',1),('399','liy2','李勇',1),('400','liyf','李彦峰',1),('401','liyj','李亚军',1),('402','liyj402','李玉杰',99),('403','liyq','李月琴',1),('404','liys','李阳山',1),('405','liz','李左',1),('406','liz1','李忠',1),('407','lizhongming','李忠明',1),('408','lizm','李正明',1),('409','lizn','李自宁',1),('410','louq','楼俏',1),('411','luhm','陆惠民',1),('412','luj','陆军',1),('413','luli','陆里',1),('414','luof','罗凡',1),('415','luoj','罗涓',1),('416','luorl','罗瑞兰',1),('417','luosg','罗世刚',1),('418','luowj','罗文姬',1),('419','luyf','路耀锋',1),('420','luyx','陆岩箫',1),('421','luz','卢湛',1),('422','lvgx','吕贵贤',1),('423','lvjie','吕杰',1),('424','lvjs','吕景顺',1),('425','lvxl','吕晓霖',1),('426','macy','马成勇',1),('427','mafc','马逢春',1),('428','mahq','马海泉',1),('429','mahz','马汉忠',1),('430','maigl','买光立',1),('431','majw','马建伟',1),('432','maoms','毛茂生',1),('433','maowy','毛文勇',1),('434','maowy434','毛文勇',99),('435','max1','马骁',1),('436','maxm','马旭明',1),('437','maxy','马晓云',1),('438','mazc','马志程',1),('439','mazf','马志福',1),('440','mazg','马志高',1),('441','mazw','马志文',1),('442','mirx','米睿煊',1),('443','mixf','米雪峰',1),('444','muxp','牟小平',1),('445','nanhw','南宏伟',1),('446','newidhy11','张诚',1),('447','newidhy13','梁可新',1),('448','newidhy14','刘远盛',1),('449','newidhy16','马荣民',1),('450','newidhy18','马旭光',1),('451','newidhy24','吴金辉',1),('452','newidhy26','肖骏',1),('453','newidhy28','刘福潮',1),('454','newidhy31','张智利',1),('455','newidhy34','徐虎',1),('456','newidhy35','靳旭东',1),('457','newidhy36','马宝成',1),('458','newidhy4','楼俏',1),('459','newidhy44','漆柏林',1),('460','newidhy45','曾新华',1),('461','newidhy46','康健',1),('462','newidhy47','周晓强',1),('463','newidhy48','陈小平',1),('464','newidhy51','甄汝林',1),('465','newidhy55','冯尚友',1),('466','newidhy56','别跃宏',1),('467','newidhy57','郭维胜',1),('468','newidhy58','严森',1),('469','newidhy6','刘生琳',1),('470','newidhy60','范捷生',1),('471','newidhy61','米雪峰',1),('472','newidhy63','付廷勤',1),('473','newidhy64','范铭',1),('474','newidhy65','李国海',1),('475','newidhy66','高进路',1),('476','newidhy67','赵林平',1),('477','newidhy7','翟国庆',1),('478','newidhy70','吴述前',1),('479','newidhy71','房福军',1),('480','newidhy72','胡春梅',1),('481','newidhy75','程学忠',1),('482','newidhy76','黄晨阳',1),('483','newidhy77','孙莉萍',1),('484','newidhy78','杨彪',1),('485','newidhy79','马旭明',1),('486','newidhy80','陈颖文',1),('487','newidhy81','罗君',1),('488','newidhy82','彭夕岚',1),('489','newidhy83','高长录',1),('490','newidhy85','李清义',1),('491','newidhy87','吉炜',1),('492','newidhy92','周伟',1),('493','newidhy96','王维州',1),('494','newjjb1','郭学健',1),('495','newjjb10','李勇',1),('496','newjjb100','陈小平',1),('497','newjjb101','杨凤忠',1),('498','newjjb102','秦睿',1),('499','newjjb11','薄怀师',1),('500','newjjb12','王生辉',1),('501','newjjb13','钱卫',1),('502','newjjb14','苏绍刚',1),('503','newjjb15','杨伟',1),('504','newjjb16','王瑞生',1),('505','newjjb17','范俊峰',1),('506','newjjb18','张淑明',1),('507','newjjb19','崔泽霞',1),('508','newjjb2','陆军',1),('509','newjjb20','牛小兵',1),('510','newjjb21','滕继彪',1),('511','newjjb22','林集国',1),('512','newjjb23','刘涛',1),('513','newjjb24','李洋',1),('514','newjjb25','漆柏林',1),('515','newjjb26','常振强',1),('516','newjjb27','李崇深',1),('517','newjjb28','潘国木',1),('518','newjjb29','谢小成',1),('519','newjjb3','张世华',1),('520','newjjb30','武小强',1),('521','newjjb31','郭维胜',1),('522','newjjb32','刘峰',1),('523','newjjb33','景建德',1),('524','newjjb34','马成勇',1),('525','newjjb35','王泽民',1),('526','newjjb36','张顶山',1),('527','newjjb37','孟文正',1),('528','newjjb38','文明',1),('529','newjjb39','闫晓斌',1),('530','newjjb4','刘强',1),('531','newjjb40','梅新民',1),('532','newjjb41','刘生琳',1),('533','newjjb42','刘海云',1),('534','newjjb43','李爱武',1),('535','newjjb44','黄天印',1),('536','newjjb45','徐有涛',1),('537','newjjb46','崔永建',1),('538','newjjb47','闫贤国',1),('539','newjjb48','石永军',1),('540','newjjb49','刘勇智',1),('541','newjjb5','彭勤裕',1),('542','newjjb50','张宪斌',1),('543','newjjb51','陶生虎',1),('544','newjjb52','刘晓剑',1),('545','newjjb53','田小强',1),('546','newjjb54','马勇',1),('547','newjjb55','杨常亮',1),('548','newjjb56','齐兴顺',1),('549','newjjb57','罗玖臻',1),('550','newjjb58','郭小明',1),('551','newjjb59','何文辉',1),('552','newjjb6','曹琮',1),('553','newjjb60','安继洲',1),('554','newjjb61','尹晓鹏',1),('555','newjjb62','孟建军',1),('556','newjjb63','李君文',1),('557','newjjb64','逯瑞',1),('558','newjjb65','张忠会',1),('559','newjjb66','丁天平',1),('560','newjjb67','李晓怡',1),('561','newjjb68','吴保华',1),('562','newjjb69','王亚强',1),('563','newjjb7','石海平',1),('564','newjjb70','何建新',1),('565','newjjb71','刘晓华',1),('566','newjjb72','韩林',1),('567','newjjb73','沈国华',1),('568','newjjb74','姚志宗',1),('569','newjjb75','王水',1),('570','newjjb76','祁华聪',1),('571','newjjb77','李保国',1),('572','newjjb78','张心国',1),('573','newjjb79','张西',1),('574','newjjb8','赵学文',1),('575','newjjb80','郑海涛',1),('576','newjjb81','程琳',1),('577','newjjb82','程明',1),('578','newjjb83','安维忠',1),('579','newjjb84','张蓓',1),('580','newjjb85','杜宇',1),('581','newjjb86','王建峰',1),('582','newjjb87','马志林',1),('583','newjjb88','胡希之',1),('584','newjjb89','郑毅敏',1),('585','newjjb9','王学忠',1),('586','newjjb90','王占良',1),('587','newjjb91','闫子林',1),('588','newjjb92','崔健全',1),('589','newjjb93','刘玖萧',1),('590','newjjb94','师自智',1),('591','newjjb95','李建春',1),('592','newjjb96','李生平',1),('593','newjjb97','金世王',1),('594','newjjb98','陶旭峰',1),('595','newjjb99','周主任',1),('596','newtxl1','付廷勤',1),('597','newtxl10','徐主任',1),('598','newtxl11','刘俊',1),('599','newtxl12','顾萱',1),('600','newtxl13','薛岩',1),('601','newtxl14','别跃宏',1),('602','newtxl15','郭清泉',1),('603','newtxl16','齐红艳',1),('604','newtxl17','徐林',1),('605','newtxl18','沈东福',1),('606','newtxl19','索毓杰',1),('607','newtxl2','李孝仁',1),('608','newtxl20','孙立平',1),('609','newtxl21','周有良',1),('610','newtxl22','刘玉杰',1),('611','newtxl23','张',1),('612','newtxl24','王剑',1),('613','newtxl25','郑海涛',1),('614','newtxl26','办公室',1),('615','newtxl27','校长办公室',1),('616','newtxl28','张启平',1),('617','newtxl29','王贇中',1),('618','newtxl3','王恩选',1),('619','newtxl30','牛晓兵',1),('620','newtxl31','程学忠',1),('621','newtxl32','曹建新',1),('622','newtxl33','范捷生',1),('623','newtxl34','景建德',1),('624','newtxl35','郭总',1),('625','newtxl36','樊建成',1),('626','newtxl37','许虎',1),('627','newtxl38','崔威',1),('628','newtxl39','张诚',1),('629','newtxl4','岳和平',1),('630','newtxl40','马主任',1),('631','newtxl41','陈晓英',1),('632','newtxl42','梁总',1),('633','newtxl43','刘远胜',1),('634','newtxl44','甄总',1),('635','newtxl45','李成修',1),('636','newtxl46','李继文',1),('637','newtxl47','郑永平',1),('638','newtxl48','李寿山',1),('639','newtxl49','樊建成',1),('640','newtxl5','吕景顺',1),('641','newtxl50','张晨曦',1),('642','newtxl51','张智利',1),('643','newtxl52','王维州',1),('644','newtxl53','王学忠',1),('645','newtxl54','王主任',1),('646','newtxl55','贾工',1),('647','newtxl56','常老师',1),('648','newtxl57','马骁',1),('649','newtxl58','赵学军',1),('650','newtxl59','张晨曦',1),('651','newtxl6','吴金辉',1),('652','newtxl60','刘德扬',1),('653','newtxl61','霍晓夫',1),('654','newtxl62','张小龙',1),('655','newtxl63','高治业',1),('656','newtxl64','陈康',1),('657','newtxl65','任广阔',1),('658','newtxl66','王生录',1),('659','newtxl67','陈海防',1),('660','newtxl68','刘志宏',1),('661','newtxl69','裴升文',1),('662','newtxl7','肖骏',1),('663','newtxl70','郭宏儒',1),('664','newtxl71','唐致平',1),('665','newtxl72','刘发展',1),('666','newtxl73','郑毅敏',1),('667','newtxl74','薛岩',1),('668','newtxl75','刘峻',1),('669','newtxl76','崔建泉',1),('670','newtxl8','胡娥',1),('671','newtxl9','郑伟',1),('672','newyxb1','王相勤',1),('673','newyxb10','王子龙',1),('674','newyxb100','冯祥龙',1),('675','newyxb101','潘天任',1),('676','newyxb102','孙永健',1),('677','newyxb103','徐国雄',1),('678','newyxb104','杜元宁',1),('679','newyxb105','安海军',1),('680','newyxb106','关铁力',1),('681','newyxb107','周虎',1),('682','newyxb108','陈亮',1),('683','newyxb109','张钧',1),('684','newyxb11','林敏',1),('685','newyxb110','吴建新',1),('686','newyxb111','王瑞庆',1),('687','newyxb112','张杲',1),('688','newyxb113','闪贵庆',1),('689','newyxb114','张武',1),('690','newyxb115','李顺福',1),('691','newyxb116','王建众',1),('692','newyxb117','李晓燕',1),('693','newyxb118','张建华',1),('694','newyxb119','王雁来',1),('695','newyxb12','唐文升',1),('696','newyxb120','李勇',1),('697','newyxb121','李春元',1),('698','newyxb122','路路',1),('699','newyxb123','毛新',1),('700','newyxb124','达九玲',1),('701','newyxb125','樊军德',1),('702','newyxb126','刘旭',1),('703','newyxb127','王超',1),('704','newyxb128','曹枝全',1),('705','newyxb129','葛靖平',1),('706','newyxb13','郭朋',1),('707','newyxb130','靳海伯',1),('708','newyxb131','郭维汉',1),('709','newyxb132','张玉东',1),('710','newyxb133','刘世恒',1),('711','newyxb134','王金钟',1),('712','newyxb135','魏晋福',1),('713','newyxb136','金旭东',1),('714','newyxb137','雒家宁',1),('715','newyxb138','张忠良',1),('716','newyxb139','王金田',1),('717','newyxb14','王延芳',1),('718','newyxb140','滕映清',1),('719','newyxb141','朱德友',1),('720','newyxb142','王军',1),('721','newyxb143','焦国杰',1),('722','newyxb144','赵霄鹏',1),('723','newyxb145','薛世彪',1),('724','newyxb146','段波',1),('725','newyxb147','高仟阳',1),('726','newyxb148','尹建林',1),('727','newyxb149','王强',1),('728','newyxb15','焦志文',1),('729','newyxb150','张耀寰',1),('730','newyxb151','许青',1),('731','newyxb152','胡常明',1),('732','newyxb153','董君',1),('733','newyxb154','黎启明',1),('734','newyxb155','张玉虎',1),('735','newyxb156','张卫平',1),('736','newyxb157','薛建洲',1),('737','newyxb158','李伟平',1),('738','newyxb159','赵喜全',1),('739','newyxb16','于建成',1),('740','newyxb160','谢吉焕',1),('741','newyxb161','文小兰',1),('742','newyxb162','颉大智',1),('743','newyxb163','胡常明',1),('744','newyxb164','李蜀宏',1),('745','newyxb165','董思明',1),('746','newyxb166','张军',1),('747','newyxb167','成卫国',1),('748','newyxb168','苏庆鸿',1),('749','newyxb169','高俊',1),('750','newyxb17','周宗发',1),('751','newyxb170','孙鹏',1),('752','newyxb171','乔东林',1),('753','newyxb172','吴兆彬',1),('754','newyxb173','许忠泽',1),('755','newyxb174','罗鹏',1),('756','newyxb175','张学云',1),('757','newyxb176','张秉玉',1),('758','newyxb177','杨好德',1),('759','newyxb178','鲁红',1),('760','newyxb179','钟慧',1),('761','newyxb18','杜新纲',1),('762','newyxb180','胡建芬',1),('763','newyxb181','杜松龄',1),('764','newyxb182','蔡永成',1),('765','newyxb183','韩勇',1),('766','newyxb184','李学军',1),('767','newyxb185','陈德义',1),('768','newyxb186','王升宏',1),('769','newyxb187','杨可斌',1),('770','newyxb188','齐德林',1),('771','newyxb189','樊兆海',1),('772','newyxb19','葛得辉',1),('773','newyxb190','刘润山',1),('774','newyxb191','孟凡东',1),('775','newyxb192','魏栋',1),('776','newyxb193','李峰',1),('777','newyxb194','王舜帮',1),('778','newyxb195','刘萍',1),('779','newyxb196','甘莉',1),('780','newyxb197','刘亚军',1),('781','newyxb198','赵琴英',1),('782','newyxb199','王建文',1),('783','newyxb2','侯清国',1),('784','newyxb20','常世平',1),('785','newyxb200','邓玉',1),('786','newyxb201','赵建军',1),('787','newyxb202','乔兴罡',1),('788','newyxb203','余学虎',1),('789','newyxb204','陈爱国',1),('790','newyxb205','马志福',1),('791','newyxb206','李安',1),('792','newyxb207','石刚',1),('793','newyxb208','张惠民',1),('794','newyxb209','李净',1),('795','newyxb21','赵临云',1),('796','newyxb210','余瑞',1),('797','newyxb211','王慧',1),('798','newyxb212','王玲',1),('799','newyxb213','赵虎',1),('800','newyxb214','张斌',1),('801','newyxb215','李保健',1),('802','newyxb216','陶冶',1),('803','newyxb217','张晓军',1),('804','newyxb218','柳雁',1),('805','newyxb219','陈福新',1),('806','newyxb22','阴存贞',1),('807','newyxb220','郭军',1),('808','newyxb221','彭生江',1),('809','newyxb222','成宏',1),('810','newyxb223','沈银兰',1),('811','newyxb224','路双',1),('812','newyxb225','田金凰',1),('813','newyxb226','崔建设',1),('814','newyxb227','张秦宁',1),('815','newyxb228','巴黎',1),('816','newyxb229','杨志坚',1),('817','newyxb23','张淑珍',1),('818','newyxb230','杨振华',1),('819','newyxb231','李长海',1),('820','newyxb232','邓庆凯',1),('821','newyxb233','王振国',1),('822','newyxb234','范勇',1),('823','newyxb235','赵建军',1),('824','newyxb236','闵小瑞',1),('825','newyxb237','郝润',1),('826','newyxb238','朱万兵',1),('827','newyxb239','赵尔敏',1),('828','newyxb24','李亚琳',1),('829','newyxb240','张海学',1),('830','newyxb241','魏建平',1),('831','newyxb242','陶永华',1),('832','newyxb243','毛焕星',1),('833','newyxb244','张振南',1),('834','newyxb245','彭彦铭',1),('835','newyxb246','魏三洲',1),('836','newyxb247','赵文辉',1),('837','newyxb248','窦武',1),('838','newyxb249','李彦玲',1),('839','newyxb25','邵胜利',1),('840','newyxb250','徐锋如',1),('841','newyxb251','李学庆',1),('842','newyxb252','王建民',1),('843','newyxb253','魏德英',1),('844','newyxb254','刘育平',1),('845','newyxb255','刘彩祥',1),('846','newyxb256','李强',1),('847','newyxb257','胡小明',1),('848','newyxb258','王锡萍',1),('849','newyxb259','杨攻',1),('850','newyxb26','李晓峰',1),('851','newyxb260','侯应龙',1),('852','newyxb261','王喜全',1),('853','newyxb262','陈学平',1),('854','newyxb263','李小牧',1),('855','newyxb264','张志强',1),('856','newyxb265','滕喜全',1),('857','newyxb266','吕志强',1),('858','newyxb267','魏惠英',1),('859','newyxb268','左宏',1),('860','newyxb269','李建锦',1),('861','newyxb27','刘静',1),('862','newyxb270','任方吉',1),('863','newyxb271','苏剑飞',1),('864','newyxb272','刘玉红',1),('865','newyxb273','李江',1),('866','newyxb274','刘建平',1),('867','newyxb275','程淑红',1),('868','newyxb276','王琳',1),('869','newyxb277','郭俊萍',1),('870','newyxb278','赵晓英',1),('871','newyxb279','王亚辉',1),('872','newyxb28','林平',1),('873','newyxb280','牛威如',1),('874','newyxb281','吴岚',1),('875','newyxb282','董辉',1),('876','newyxb283','李一坤',1),('877','newyxb284','祁胜利',1),('878','newyxb285','孙沛',1),('879','newyxb286','曹致人',1),('880','newyxb287','王晓凤',1),('881','newyxb288','赵英',1),('882','newyxb289','赵长军',1),('883','newyxb29','李炜东',1),('884','newyxb290','张虎全',1),('885','newyxb291','王继友',1),('886','newyxb292','薛小强',1),('887','newyxb293','任一兵',1),('888','newyxb294','孙云',1),('889','newyxb295','李建鹏',1),('890','newyxb296','王锐荣',1),('891','newyxb297','牛勤',1),('892','newyxb298','于晓俊',1),('893','newyxb299','周来生',1),('894','newyxb3','胡江溢',1),('895','newyxb30','尹正民',1),('896','newyxb300','张波',1),('897','newyxb301','王显峰',1),('898','newyxb302','穆湘炜',1),('899','newyxb303','于建伟',1),('900','newyxb304','李作义',1),('901','newyxb305','张小龙',1),('902','newyxb306','张凯武',1),('903','newyxb307','王晓辉',1),('904','newyxb308','史治斌',1),('905','newyxb309','周红全',1),('906','newyxb31','巩正俊',1),('907','newyxb310','杨永伟',1),('908','newyxb311','李学文',1),('909','newyxb312','胡昌煜',1),('910','newyxb313','杨百战',1),('911','newyxb314','张浩慧',1),('912','newyxb315','刘欣欣',1),('913','newyxb316','何希庆',1),('914','newyxb317','敬永军',1),('915','newyxb318','李庚',1),('916','newyxb319','龚庆玲',1),('917','newyxb32','张国平',1),('918','newyxb320','杨积成',1),('919','newyxb321','张力之',1),('920','newyxb322','祁君',1),('921','newyxb323','李雪宁',1),('922','newyxb324','王晓斌',1),('923','newyxb325','王克勃',1),('924','newyxb326','李应时',1),('925','newyxb327','薛向东',1),('926','newyxb328','司卫',1),('927','newyxb329','许正辉',1),('928','newyxb33','李明东',1),('929','newyxb330','李康宁',1),('930','newyxb331','马建伟',1),('931','newyxb332','杨志军',1),('932','newyxb333','汪万仓',1),('933','newyxb334','王永攀',1),('934','newyxb335','屈惠娟',1),('935','newyxb336','罗建军',1),('936','newyxb337','刘海涛',1),('937','newyxb338','何晓云',1),('938','newyxb339','张旭平',1),('939','newyxb34','王林信',1),('940','newyxb340','陈建平',1),('941','newyxb341','李新文',1),('942','newyxb342','王俊珍',1),('943','newyxb343','赵咏霖',1),('944','newyxb344','杨来贵',1),('945','newyxb345','张宝军',1),('946','newyxb346','周斌',1),('947','newyxb347','邱建军',1),('948','newyxb348','李长颖',1),('949','newyxb349','孟小红',1),('950','newyxb350','罗东靖',1),('951','newyxb351','袁世涛',1),('952','newyxb352','李树林',1),('953','newyxb353','殷胜明',1),('954','newyxb354','邹应鹏',1),('955','newyxb355','康改霞',1),('956','newyxb356','马光慧',1),('957','newyxb357','马应龙',1),('958','newyxb358','耿兰',1),('959','newyxb359','刘志华',1),('960','newyxb36','周有学',1),('961','newyxb360','万树民',1),('962','newyxb361','赵文晖',1),('963','newyxb362',NULL,1),('964','newyxb363','戴忠宏',1),('965','newyxb364','陈静',1),('966','newyxb365','徐拯乾',1),('967','newyxb366','王琼',1),('968','newyxb367','董建华',1),('969','newyxb368','严琰',1),('970','newyxb369','白敏',1),('971','newyxb37','王倩',1),('972','newyxb370','李文卓',1),('973','newyxb371','马成祥',1),('974','newyxb372','郭学录',1),('975','newyxb373','何世挺',1),('976','newyxb374','拜永贤',1),('977','newyxb375','马晟俊',1),('978','newyxb376','曹银利',1),('979','newyxb377','行舟',1),('980','newyxb378','王福军',1),('981','newyxb379','陈振寰',1),('982','newyxb38','罗凡',1),('983','newyxb380','调度室值班电话',1),('984','newyxb381','邹品元',1),('985','newyxb382','马艳峰',1),('986','newyxb383','调度室值班电话',1),('987','newyxb384','张大品',1),('988','newyxb385','张瑞',1),('989','newyxb386','调度室值班电话',1),('990','newyxb387','文印',1),('991','newyxb388','杨剑梅',1),('992','newyxb389','调度室值班电话',1),('993','newyxb39','罗世刚',1),('994','newyxb390','李虎平',1),('995','newyxb391','调度室值班电话',1),('996','newyxb392','李长生',1),('997','newyxb393','吴述前',1),('998','newyxb394','调度室值班电话',1),('999','newyxb395','杨学勇',1),('1000','newyxb396','调度室值班电话',1),('1001','newyxb397','李红',1),('1002','newyxb398','张开鹏',1),('1003','newyxb399','调度室值班电话',1),('1004','newyxb4','刘晓安',1),('1005','newyxb40','江元',1),('1006','newyxb400','徐宗权',1),('1007','newyxb401','赵连斌',1),('1008','newyxb402','调度室值班电话',1),('1009','newyxb403','高登云',1),('1010','newyxb404','王来奎',1),('1011','newyxb405','调度室值班电话',1),('1012','newyxb406','王建中',1),('1013','newyxb407','雒启龙',1),('1014','newyxb408','调度室值班电话',1),('1015','newyxb409','张来福',1),('1016','newyxb41','余向前',1),('1017','newyxb410','米雪峰',1),('1018','newyxb411','调度室值班电话',1),('1019','newyxb412','刘继荣',1),('1020','newyxb413','李祥',1),('1021','newyxb414','调度室值班电话',1),('1022','newyxb415','贾俊芬',1),('1023','newyxb416','调度室值班电话',1),('1024','newyxb417','杨德志',1),('1025','newyxb418','郭学健',1),('1026','newyxb419','张宏军',1),('1027','newyxb42','夏天',1),('1028','newyxb420','杨云',1),('1029','newyxb421','张振宇',1),('1030','newyxb422','王德波',1),('1031','newyxb423','刘罡',1),('1032','newyxb424','张东良',1),('1033','newyxb425','陆军',1),('1034','newyxb426','张世华',1),('1035','newyxb427','刘强',1),('1036','newyxb428','马骁',1),('1037','newyxb429','王小举',1),('1038','newyxb43','辛海燕',1),('1039','newyxb430','崔威',1),('1040','newyxb431','彭勤裕',1),('1041','newyxb432','左辛亥',1),('1042','newyxb433','毛炜',1),('1043','newyxb434','吴建军',1),('1044','newyxb435','李寿山',1),('1045','newyxb436','曹琮',1),('1046','newyxb437','史海平',1),('1047','newyxb438','赵学军',1),('1048','newyxb439','贾东辉',1),('1049','newyxb44','秦俊福',1),('1050','newyxb440','赵学文',1),('1051','newyxb441','樊建成',1),('1052','newyxb442','王彦军',1),('1053','newyxb443','张晨曦',1),('1054','newyxb444','王学忠',1),('1055','newyxb445','马全云',1),('1056','newyxb446','张西',1),('1057','newyxb447','魏刚',1),('1058','newyxb448','王剑',1),('1059','newyxb449','安维忠',1),('1060','newyxb45','荣立',1),('1061','newyxb450','姜东风',1),('1062','newyxb451','秦增庆',1),('1063','newyxb452','程琳',1),('1064','newyxb453','赵章',1),('1065','newyxb454','郑昕',1),('1066','newyxb455','杨德洲',1),('1067','newyxb456','贺建国',1),('1068','newyxb457','郑海涛',1),('1069','newyxb458','张广平',1),('1070','newyxb459','刘亚锋',1),('1071','newyxb46','张勇红',1),('1072','newyxb460','王丽琪',1),('1073','newyxb461','平德明',1),('1074','newyxb462','秦睿',1),('1075','newyxb463','徐和平',1),('1076','newyxb464','李兴德',1),('1077','newyxb465','冯小强',1),('1078','newyxb466','郑伟',1),('1079','newyxb467','李诚',1),('1080','newyxb468','徐和平',1),('1081','newyxb469','黄葆文',1),('1082','newyxb47','邹德训',1),('1083','newyxb470','姜毅君',1),('1084','newyxb48','王赟中',1),('1085','newyxb49','司建玲',1),('1086','newyxb5','崔秀清',1),('1087','newyxb50','王周选',1),('1088','newyxb51','郭靖琪',1),('1089','newyxb52','潘少刚',1),('1090','newyxb53','蒋利',1),('1091','newyxb54','林伟',1),('1092','newyxb55','王勇',1),('1093','newyxb56','周海军',1),('1094','newyxb57','萧楠',1),('1095','newyxb58','罗景鸿',1),('1096','newyxb59','郭荣华',1),('1097','newyxb6','贾俊国',1),('1098','newyxb60','王淼',1),('1099','newyxb61','刘晓焜',1),('1100','newyxb62','赵军',1),('1101','newyxb63','徐向军',1),('1102','newyxb64','李文明',1),('1103','newyxb65','李丽华',1),('1104','newyxb66','赵宝瑞',1),('1105','newyxb67','王晓晖',1),('1106','newyxb68','刘明辉',1),('1107','newyxb69','郭晋平',1),('1108','newyxb7','林弘宇',1),('1109','newyxb70','王悦太',1),('1110','newyxb71','张清滨',1),('1111','newyxb72','李晓江',1),('1112','newyxb73','王忠民',1),('1113','newyxb74','刘启安',1),('1114','newyxb75','周永恒',1),('1115','newyxb76','刘存科',1),('1116','newyxb77','杨永跃',1),('1117','newyxb78','李伟',1),('1118','newyxb79','田勇',1),('1119','newyxb8','张兴华',1),('1120','newyxb80','朱广明',1),('1121','newyxb81','康小虎',1),('1122','newyxb82','刘伟',1),('1123','newyxb83','祁宏魁',1),('1124','newyxb84','孟庆丰',1),('1125','newyxb85','申玉霞',1),('1126','newyxb86','张文文',1),('1127','newyxb87','何红明',1),('1128','newyxb88','史小明',1),('1129','newyxb89','胡忠祥',1),('1130','newyxb9','方耀明',1),('1131','newyxb90','卜玉强',1),('1132','newyxb91','曹少军',1),('1133','newyxb92','徐冰',1),('1134','newyxb93','陆晓军',1),('1135','newyxb94','王平',1),('1136','newyxb95','冯云',1),('1137','newyxb96','尚俊年',1),('1138','newyxb97','刘沿',1),('1139','newyxb98','陈小武',1),('1140','newyxb99','魏军强',1),('1141','niejl','聂江龙',1),('1142','niud','牛东',1),('1143','niuje','牛继恩',1),('1144','niuqh','牛启宏',1),('1145','niuwr','牛威如',1),('1146','niuxb','牛晓兵',1),('1147','niuzy','牛志勇',1),('1148','pancs','潘存寿',1),('1149','pangw','庞伟',1),('1150','panlm','潘黎明',1),('1151','panpl','潘培立',1),('1152','peizh','裴朝晖',1),('1153','pengx','彭旭',1),('1154','pengy','彭毅',1),('1155','pengym','彭彦铭',1),('1156','qiangyq','强银庆',1),('1157','qijq','齐加青',1),('1158','qinjf','秦俊福',1),('1159','qinr','秦睿',1),('1160','qinsy','秦士雅',1),('1161','qintf','秦铁飞',1),('1162','qinzq','秦增琦',1),('1163','qiuwc','邱武玉',1),('1164','qixs','齐兴顺',1),('1165','rendc','任德翠',1),('1166','rendk','任大康',1),('1167','renxz','任湘洲',1),('1168','rongl','荣立',1),('1169','rongxj　','荣效江',1),('1170','rongzq','荣志强',1),('1171','shaojm','邵建民',1),('1172','shendf','沈东福',1),('1173','shengz','沈国忠',1),('1174','shih','石华',1),('1175','shij','时军',1),('1176','shijun','时军',1),('1177','shiqy','史秦毅',1),('1178','shiwj','施文江',1),('1179','shiy','时勇',1),('1180','shuhy','舒红艳',1),('1181','sich','斯春辉',1),('1182','sijz　','司军章',1),('1183','sixf','司晓锋',1),('1184','songbh1','宋秉虎',1),('1185','songj','宋军',1),('1186','songkp','宋坤平',1),('1187','songl','宋磊',1),('1188','songy','宋颖',1),('1189','songyq','宋毓倩',1),('1190','suht','苏华堂',1),('1191','sujf','苏剑飞',1),('1192','sulf','苏龙飞',1),('1193','sunbl','孙柏林',1),('1194','sunhh','孙海虹',1),('1195','sunlp','孙立平',1),('1196','sunsq','孙守强',1),('1197','sunx','孙劼',1),('1198','sunxm','孙晓明',1),('1199','sunz','孙镇',1),('1200','suoxd','索晓娣',1),('1201','suoyj','索毓杰',1),('1202','sus','苏霜',1),('1203','suyr','苏亚荣',1),('1204','tangk　','唐凯',1),('1205','tangqk','唐全科',1),('1206','tangwen','唐文',1),('1207','tangxh','汤晓辉',1),('1208','tangxj','唐晓军',1),('1209','tangzp','唐致平',1),('1210','taogl','陶国龙',1),('1211','taolp','马占魁',1),('1212','tengxq','滕喜全',1),('1213','tianbh','田宝怀',1),('1214','tiangs','田革燊',1),('1215','tiangz','田国柱',1),('1216','tianlp','田兰萍',1),('1217','tianp','田沛',1),('1218','tianxq','田晓强',1),('1219','tiaoxq','田小强',1),('1220','wang','王倩',1),('1221','wangbq','王宝琦',1),('1222','wangcj','王从杰',1),('1223','wangcl','王存良',1),('1224','wangd','王多',1),('1225','wangdb','王德波',1),('1226','wangdj','王东军',1),('1227','wangdq','王大强',1),('1228','wangex','王恩选',1),('1229','wangf','王峰',1),('1230','wangf_2　','王锋',1),('1231','wangfj','王福军',1),('1232','wangg','王耿',1),('1233','wanghl','王海龙',1),('1234','wanghw','王海武',1),('1235','wanghz','王宏志',1),('1236','wangj','王金',1),('1237','wangjg','王建国',1),('1238','wangjg1238','王建国',99),('1239','wangjj','王建军',1),('1240','wangjm','王锦梅',1),('1241','wangjq','王建强',1),('1242','wangjw','王建文',1),('1243','wangkb','王克勃',1),('1244','wangl','王龙',1),('1245','wanglj','王兰菊',1),('1246','wanglx','王立新',1),('1247','wanglx1247','王林信',99),('1248','wangn','汪娜',1),('1249','wangnb','汪宁渤',1),('1250','wangpx','王佩霞',1),('1251','wangq','王强',1),('1252','wangq1','王琼',1),('1253','wangq_1','王泉',1),('1254','wangrd','王荣东',1),('1255','wangrm','王仁明',1),('1256','wangrx','王瑞勋',1),('1257','wangsl','王世录',1),('1258','wangsq','王世清',1),('1259','wangsr','王守仁',1),('1260','wangt','王涛',1),('1261','wangt_1','王涛',1),('1262','wangwd','王维德',1),('1263','wangwj','王伟杰',1),('1264','wangwr','张文瑞',1),('1265','wangwz','王维洲',1),('1266','wangx1','王昕',1),('1267','wangxb','王晓斌',1),('1268','wangxc','王兴才',1),('1269','wangxg','王晓刚',1),('1270','wangxh','王小虎',1),('1271','wangxr','王喜荣',1),('1272','wangxz','王学忠',1),('1273','wangy','王琰',1),('1274','wangyc','王玉成',1),('1275','wangye','王月娥',1),('1276','wangyj','王彦军',1),('1277','wangym','王彦民',1),('1278','wangyp','王永平',1),('1279','wangyue','王跃',1),('1280','wangyx','王玉学',1),('1281','wangyx1','王亚轩',1),('1282','wangz','王震',1),('1283','wangzd','王忠东',1),('1284','weihj','魏海军',1),('1285','weims','魏明生',1),('1286','weixj','魏学基',1),('1287','weizd','魏周东',1),('1288','wenb','文博',1),('1289','wenqy','文乾有',1),('1290','wudk','吴德宽',1),('1291','wudy','吴岱元',1),('1292','wuhb','武海滨',1),('1293','wuhy','吴会勇',1),('1294','wujh','吴金辉',1),('1295','wulj','吴黎军',1),('1296','wuqj','吴清江',1),('1297','wuwy','吴文洋',1),('1298','wuxy','吴小莹',1),('1299','wuyd','吴养东',1),('1300','wuyq','吴育全',1),('1301','wuzb','程平新',1),('1302','wuzg','吴正功',1),('1303','xiaocy','肖创英',1),('1304','xiaof','肖峰',1),('1305','xiaoj','肖骏',1),('1306','xiaokiller','肖killer',1),('1307','xiat','夏天',1),('1308','xiecb','谢存波',1),('1309','xiexz','颉晓周',1),('1310','xingj','邢洁',1),('1311','xinglj','邢丽娟',1),('1312','xingz','行舟',1),('1313','xinhy','辛海燕',1),('1314','xuejm','薛集明',1),('1315','xuey','薛辕',1),('1316','xugx','许国贤',1),('1317','xuj','许杰',1),('1318','xul','徐林',1),('1319','xulf','徐林福',1),('1320','xum','徐敏',1),('1321','xun','徐宁',1),('1322','xunyan','薛岩',1),('1323','xuxd','徐向东',1),('1324','xuy','许云',1),('1325','xuzh','徐正辉',1),('1326','xuzq','徐宗权',1),('1327','yandb','颜东斌',1),('1328','yanfp','阎凤萍',1),('1329','yang','严革',1),('1330','yangcx','杨春祥',1),('1331','yanger','杨军致',1),('1332','yangex','杨尔欣',1),('1333','yangj','杨洁',1),('1334','yangj_2','杨晶',1),('1335','yangjh','杨继红',1),('1336','yanglt','杨礼庭',1),('1337','yangmh','杨敏慧',1),('1338','yangpj','杨鹏举',1),('1339','yangqf','杨青峰',1),('1340','yangt_1','杨涛',1),('1341','yangw','杨武',1);
UNLOCK TABLES;
/*!40000 ALTER TABLE `test_user` ENABLE KEYS */;

--
-- Current Database: `shortmessage`
--

/*!40000 DROP DATABASE IF EXISTS `shortmessage`*/;

CREATE DATABASE /*!32312 IF NOT EXISTS*/ `shortmessage` /*!40100 DEFAULT CHARACTER SET utf8 */;

USE `shortmessage`;

--
-- View structure for view `purchase_detail`
--

/*!50001 DROP TABLE IF EXISTS `purchase_detail`*/;
/*!50001 DROP VIEW IF EXISTS `purchase_detail`*/;
/*!50001 CREATE ALGORITHM=UNDEFINED DEFINER=`ts`@`%` SQL SECURITY DEFINER VIEW `purchase_detail` AS select `product`.`name` AS `name`,`product`.`price` AS `price`,`purchase`.`qty` AS `qty`,(`product`.`price` * `purchase`.`qty`) AS `total_value` from (`product` join `purchase`) where (`product`.`product_id` = `purchase`.`product_id`)*/;
/*!40103 SET TIME_ZONE=@OLD_TIME_ZONE */;

/*!40101 SET SQL_MODE=@OLD_SQL_MODE */;
/*!40014 SET FOREIGN_KEY_CHECKS=@OLD_FOREIGN_KEY_CHECKS */;
/*!40014 SET UNIQUE_CHECKS=@OLD_UNIQUE_CHECKS */;
/*!40101 SET CHARACTER_SET_CLIENT=@OLD_CHARACTER_SET_CLIENT */;
/*!40101 SET CHARACTER_SET_RESULTS=@OLD_CHARACTER_SET_RESULTS */;
/*!40101 SET COLLATION_CONNECTION=@OLD_COLLATION_CONNECTION */;
/*!40111 SET SQL_NOTES=@OLD_SQL_NOTES */;

